{"cameraMode":{"drawMode":0,"name":"Shaded","section":"Shading Mode"},"sceneLighting":true,"audioPlay":false,"sceneViewState":{"m_AlwaysRefresh":false,"showFog":true,"showSkybox":true,"showFlares":true,"showImageEffects":true,"showParticleSystems":true,"showVisualEffectGraphs":true,"m_FxEnabled":true},"in2DMode":false,"pivot":{"x":533.3892822265625,"y":-0.7893898487091065,"z":478.0117492675781},"rotation":{"x":-0.002914409153163433,"y":-0.9115556478500366,"z":0.013176980428397656,"w":-0.4116385579109192},"size":2.9891045093536379,"orthographic":false}