{"cameraMode":{"drawMode":0,"name":"Shaded","section":"Shading Mode"},"sceneLighting":true,"audioPlay":false,"sceneViewState":{"m_AlwaysRefresh":false,"showFog":true,"showSkybox":true,"showFlares":true,"showImageEffects":true,"showParticleSystems":true,"showVisualEffectGraphs":true,"m_FxEnabled":true},"in2DMode":false,"pivot":{"x":530.1173095703125,"y":0.7452501654624939,"z":476.76141357421877},"rotation":{"x":-0.051353875547647479,"y":0.8086526989936829,"z":-0.06831084936857224,"w":-0.5828027725219727},"size":0.30432626605033877,"orthographic":false}