{"cameraMode":{"drawMode":0,"name":"Shaded","section":"Shading Mode"},"sceneLighting":true,"audioPlay":false,"sceneViewState":{"m_AlwaysRefresh":false,"showFog":true,"showSkybox":true,"showFlares":true,"showImageEffects":true,"showParticleSystems":true,"showVisualEffectGraphs":true,"m_FxEnabled":true},"in2DMode":false,"pivot":{"x":532.2470092773438,"y":1.9894309043884278,"z":485.81512451171877},"rotation":{"x":0.30420517921447756,"y":0.1699453443288803,"z":-0.05768221989274025,"w":0.9358316659927368},"size":17.988262176513673,"orthographic":false}