{"cameraMode":{"drawMode":0,"name":"Shaded","section":"Shading Mode"},"sceneLighting":true,"audioPlay":false,"sceneViewState":{"m_AlwaysRefresh":false,"showFog":true,"showSkybox":true,"showFlares":true,"showImageEffects":true,"showParticleSystems":true,"showVisualEffectGraphs":true,"m_FxEnabled":true},"in2DMode":false,"pivot":{"x":497.211669921875,"y":0.9049999713897705,"z":477.4372253417969},"rotation":{"x":0.026815976947546006,"y":-0.13554057478904725,"z":0.0010550162987783552,"w":0.9907256364822388},"size":940.0372924804688,"orthographic":true}